class	precision	recall	f1	support	judge_score	cohen_kappa
navigational	0.5	0.75	0.6	4	0.5	0.47368421052631604
factual	0.375	0.75	0.5	4	0.5	0.318181818181818
transactional	1.0	0.75	0.8571428571428571	4	1.0	0.8275862068965515
instrumental	1.0	0.5	0.6666666666666666	4	1.0	0.6153846153846153
abstain	0.0	0.0	0.0	4	0.0	-0.08695652173913052
ALL	0.575	0.55	0.5247619047619048	20	0.6	0.4375
