class	precision	recall	f1	support	judge_score	cohen_kappa
navigational	0.75	0.75	0.75	4	0.75	0.6874999999999999
factual	0.4444444444444444	1.0	0.6153846153846153	4	0.4444444444444444	0.4680851063829787
transactional	1.0	0.75	0.8571428571428571	4	1.0	0.8275862068965515
instrumental	1.0	0.5	0.6666666666666666	4	1.0	0.6153846153846153
abstain	0.5	0.25	0.3333333333333333	4	0.5	0.23076923076923064
ALL	0.7388888888888889	0.65	0.6445054945054945	20	0.65	0.5625
